Theme,PM Management,Input-Output,Package
Ruby MRI,77.1855334,11.26696489,11.54750171
JVM,79.46750721,15.78163772,4.750855073
Perl,77.99467613,14.01952085,7.985803017
Multi,82.52167497,10.72680317,6.751521859
Python,81.78178178,12.21221221,6.006006006
GO,30.69509554,32.02293982,37.28196464
R,78.18181818,10,11.81818182
.NET,90.49719326,5.944266239,3.558540497
Node.js,51.63306818,17.7082472,30.65868462
PHP,90.49586777,6.198347107,3.305785124
