Theme,PM Management,Input-Output,Package
Flat,67.14512231,18.5811286,14.27374909
Nested,50.11465101,18.17218497,31.71316402
