Topic,Dependency,Build,Configuration,Error,Testing,Server-Client,Interface,Service,Package usage,Package function
Flat,20.77541782,15.23726711,11.54239607,12.03022902,7.559812283,5.53047837,6.419830441,6.63081979,6.040049614,8.233699474
Nested,13.75638398,5.779453149,14.59889518,11.8872251,4.092693604,8.86981899,4.365424035,4.936941945,29.10051072,2.612653302
